username,profile_url,location,registration_date,total_views,views_per_day,bio,last_updated
"BigHandsHK","https://rentmasseur.com/BigHandsHK","","",999,0,"","2026-05-22T12:41:48"
"BrunoMathias","https://rentmasseur.com/BrunoMathias","","",999,0,"","2026-05-22T12:41:49"
"ExoticYoungGuy","https://rentmasseur.com/ExoticYoungGuy","","",999,0,"","2026-05-22T12:41:49"
"FemboyFey","https://rentmasseur.com/FemboyFey","","",999,0,"","2026-05-22T12:41:50"
"HOLLYHOODONLYGEN","https://rentmasseur.com/HOLLYHOODONLYGEN","","",999,0,"","2026-05-22T12:41:51"
"HungMasseurNYC","https://rentmasseur.com/HungMasseurNYC","","",999,0,"","2026-05-22T12:41:51"
"InosukeTopXL","https://rentmasseur.com/InosukeTopXL","","",999,0,"","2026-05-22T12:41:52"
"JayMassive","https://rentmasseur.com/JayMassive","","",999,0,"","2026-05-22T12:41:53"
"JonnasLatino","https://rentmasseur.com/JonnasLatino","","",999,0,"","2026-05-22T12:41:53"
"LVM","https://rentmasseur.com/LVM","","",999,0,"","2026-05-22T12:41:54"
"LiamGoodBoy","https://rentmasseur.com/LiamGoodBoy","","",999,0,"","2026-05-22T12:41:55"
"MagicHandsPro","https://rentmasseur.com/MagicHandsPro","","",999,0,"","2026-05-22T12:41:55"
"MalikXL","https://rentmasseur.com/MalikXL","","",999,0,"","2026-05-22T12:41:56"
"Muscltomuscl","https://rentmasseur.com/Muscltomuscl","","",999,0,"","2026-05-22T12:41:57"
"Ritual","https://rentmasseur.com/Ritual","","",999,0,"","2026-05-22T12:41:57"
"TonyAsian","https://rentmasseur.com/TonyAsian","","",999,0,"","2026-05-22T12:41:58"
"Will_Xavier","https://rentmasseur.com/Will_Xavier","","",999,0,"","2026-05-22T12:41:59"
"YULIAN","https://rentmasseur.com/YULIAN","","",999,0,"","2026-05-22T12:41:59"
"karpathianwolf","https://rentmasseur.com/karpathianwolf","","",999,0,"","2026-05-22T12:42:00"
